latitude,longitude,populacao,risco,chuva,chuva_n,pop_n,W
-23.4,-46.05,0.7394139766693115,0,994.1198365958949,0.46691921631090677,0.006750570479512749,0.14277599308507713
-23.4,-46.02894736842105,0.6900230050086975,0,994.2522685299255,0.4673342055506279,0.006299649553256433,0.14272012148649094
-23.4,-46.007894736842104,0.0007730000070296228,0,994.1568452356262,0.4670351867328268,7.057198258034894e-06,0.14011337889915126
-23.4,-45.98684210526316,0.0,0,993.7402479099032,0.4657297356817859,0.0,0.13971892070453576
-23.4,-45.96578947368421,0.6098380088806152,0,992.8885843666249,0.46306095938617087,0.005567590808302306,0.14114532413917216
-23.4,-45.94473684210526,0.42832401394844055,0,991.4612211418101,0.4585881682591084,0.003910436555785969,0.1391406251000469
-23.4,-45.92368421052631,0.0,0,989.2918069987879,0.45179008339805765,0.0,0.13553702501941728
-23.4,-45.902631578947364,0.0,0,986.2290509473004,0.44219261874905175,0.0,0.13265778562471553
-23.4,-45.88157894736842,43.72977066040039,0,982.2586929718236,0.42975108907024184,0.399236298217804,0.2886198460081941
-23.4,-45.86052631578947,2.6971819400787354,0,977.6406244000444,0.415279890868606,0.02462425293147169,0.13443366843317048
-23.4,-45.839473684210525,0.0,0,972.825756172714,0.4001920004768847,0.0,0.12005760014306541
-23.4,-45.81842105263158,0.0,0,968.0245860795008,0.38514703461318206,0.0,0.11554411038395461
-23.4,-45.79736842105263,0.0,0,962.930143366712,0.3691830684923318,0.0,0.11075492054769953
-23.4,-45.776315789473685,0.0,0,957.5917840703816,0.3524547643868387,0.0,0.10573642931605161
-23.4,-45.75526315789474,0.0,0,953.3801629895803,0.33925721167337136,0.0,0.10177716350201141
-23.4,-45.734210526315785,0.0,0,951.7668920147264,0.3342018592750282,0.0,0.10026055778250846
-23.4,-45.71315789473684,0.346996009349823,0,952.9441313953147,0.3378908613204657,0.003167942574979546,0.10263443542613153
-23.4,-45.69210526315789,0.0,0,956.1186010613503,0.347838392200152,0.0,0.10435151766004559
-23.4,-45.671052631578945,0.0,0,960.3174553037304,0.36099593869752944,0.0,0.10829878160925883
-23.4,-45.65,0.2646099925041199,0,964.7907370460443,0.37501343230954914,0.0024157893417549978,0.11347034542956674
-23.36315789473684,-46.05,0.0,0,995.3163366519475,0.4706685736862424,0.0,0.1412005721058727
-23.36315789473684,-46.02894736842105,37.074859619140625,0,995.619501447007,0.47161857210416847,0.3384794726283369,0.2768773606825853
-23.36315789473684,-46.007894736842104,0.0,0,995.6628635793172,0.4717544518559204,0.0,0.14152633555677613
-23.36315789473684,-45.98684210526316,0.003976999782025814,0,995.3316935777756,0.4707166962106207,3.630850669946005e-05,0.141229532265866
-23.36315789473684,-45.96578947368421,0.0,0,994.4840616187631,0.46806055330363383,0.0,0.14041816599109014
-23.36315789473684,-45.94473684210526,0.0,0,992.9311350147387,0.4631942962677899,0.0,0.13895828888033696
-23.36315789473684,-45.92368421052631,0.0,0,990.3998769474124,0.45526233583402426,0.0,0.13657870075020728
-23.36315789473684,-45.902631578947364,0.6970499753952026,0,986.5233685280374,0.4431148935006868,0.006363803140216241,0.13547998930629254
-23.36315789473684,-45.88157894736842,0.0032530000898987055,0,981.0681561643916,0.4260204181547048,2.9698662818952264e-05,0.127818004911539
-23.36315789473684,-45.86052631578947,0.0,0,974.4356568568355,0.40523679171866905,0.0,0.12157103751560071
-23.36315789473684,-45.839473684210525,0.0,0,967.7755270573155,0.3843665822621767,0.0,0.115309974678653
-23.36315789473684,-45.81842105263158,0.0,0,961.9292845672437,0.36604677334343233,0.0,0.1098140320030297
-23.36315789473684,-45.79736842105263,0.28856098651885986,0,955.5839477532975,0.3461630004493076,0.002634452875651382,0.10490268128505283
-23.36315789473684,-45.776315789473685,0.0,0,947.2082034618355,0.31991673453878017,0.0,0.09597502036163405
-23.36315789473684,-45.75526315789474,0.0,0,940.3597757811518,0.29845647408652765,0.0,0.08953694222595829
-23.36315789473684,-45.734210526315785,0.0,0,938.6073477726362,0.29296505864928196,0.0,0.08788951759478458
-23.36315789473684,-45.71315789473684,0.0,0,941.5271164206353,0.3021144573971308,0.0,0.09063433721913923
-23.36315789473684,-45.69210526315789,0.003372000064700842,0,947.0449477220554,0.31940515569771455,3.07850876666142e-05,0.09583386074438101
-23.36315789473684,-45.671052631578945,0.0,0,953.4617116178105,0.3395127527819209,0.0,0.10185382583457626
-23.36315789473684,-45.65,0.0,0,959.770488467994,0.35928196122694084,0.0,0.10778458836808225
-23.326315789473682,-46.05,1.3848119974136353,0,996.7570019193322,0.4751830481472625,0.012642810772288664,0.1476120387530942
-23.326315789473682,-46.02894736842105,0.0,0,997.2975173742007,0.47687680954488404,0.0,0.14306304286346522
-23.326315789473682,-46.007894736842104,0.0,0,997.5432202431675,0.47764674504070115,0.0,0.14329402351221035
-23.326315789473682,-45.98684210526316,22.253684997558594,0,997.3589612984036,0.4770693504722452,0.20316774330069232,0.22438790246195048
-23.326315789473682,-45.96578947368421,13.455134391784668,0,996.5841192694256,0.47464130238200675,0.12284029770738317,0.19152850979755529
-23.326315789473682,-45.94473684210526,0.0,0,995.0066039372939,0.4696979940091295,0.0,0.14090939820273884
-23.326315789473682,-45.92368421052631,2.477005958557129,0,992.2822760461682,0.4611610292010181,0.022614129336225905,0.1473939604947958
-23.326315789473682,-45.902631578947364,0.0,0,987.6565681685303,0.4466658924398985,0.0,0.13399976773196956
-23.326315789473682,-45.88157894736842,0.0,0,980.1072335323139,0.4230092671401421,0.0,0.12690278014204262
-23.326315789473682,-45.86052631578947,0.0,0,969.8723965425277,0.3909373408925054,0.0,0.11728120226775163
-23.326315789473682,-45.839473684210525,0.0,0,959.5608435727358,0.3586250171421817,0.0,0.10758750514265451
-23.326315789473682,-45.81842105263158,0.02083900012075901,0,952.5914398253996,0.3367856656021783,0.00019025220441656947,0.10111180056242013
-23.326315789473682,-45.79736842105263,0.0,0,947.1762973931062,0.31981675355382067,0.0,0.0959450260661462
-23.326315789473682,-45.776315789473685,0.36645200848579407,0,932.363404299693,0.2733990123352576,0.0033455685024854458,0.08335793110157146
-23.326315789473682,-45.75526315789474,0.5368880033493042,0,920.9479556538952,0.23762751666638934,0.004901584796300452,0.07324888891843698
-23.326315789473682,-45.734210526315785,1.5948079824447632,0,920.6849451147361,0.23680334578582937,0.014559994842507185,0.07686500167275169
-23.326315789473682,-45.71315789473684,0.0,0,927.5436250639227,0.2582957327877889,0.0,0.07748871983633666
-23.326315789473682,-45.69210526315789,0.0,0,936.8457501093692,0.2874449091451237,0.0,0.08623347274353711
-23.326315789473682,-45.671052631578945,0.0,0,946.2814275131859,0.3170125857083849,0.0,0.09510377571251548
-23.326315789473682,-45.65,0.0,0,954.8272878354095,0.3437919278953173,0.0,0.10313757836859519
-23.289473684210524,-46.05,1.0096399784088135,0,998.4498479134037,0.4804877571450364,0.009217631865553157,0.1478333798897322
-23.289473684210524,-46.02894736842105,0.9181690216064453,0,999.3079498430272,0.4831767087939298,0.008382536560073142,0.1483060272622082
-23.289473684210524,-46.007894736842104,1.003622055053711,0,999.8221611638922,0.48478804345172066,0.009162690497076574,0.14910148923434682
-23.289473684210524,-45.98684210526316,7.927681922912598,0,999.8368217330202,0.48483398386995,0.07237674327018409,0.17440089246905865
-23.289473684210524,-45.96578947368421,38.92194366455078,0,999.1896261789161,0.4828059292854228,0.35534265269194726,0.28697883986240574
-23.289473684210524,-45.94473684210526,88.89006042480469,0,997.6675335228258,0.4780362936325137,0.8115326958367133,0.46802396642443944
-23.289473684210524,-45.92368421052631,0.0,0,995.0831978589221,0.4699380090291954,0.0,0.1409814027087586
-23.289473684210524,-45.902631578947364,7.044413089752197,1,990.4771827675161,0.45550458166200886,0.06431283225586347,0.46237650740094804
-23.289473684210524,-45.88157894736842,0.0,1,980.4721341591184,0.4241527212080738,0.0,0.4272458163624221
-23.289473684210524,-45.86052631578947,0.0,1,963.742716013184,0.3717293493969037,0.0,0.4115188048190711
-23.289473684210524,-45.839473684210525,0.0,0,945.2325301480937,0.31372575671754227,0.0,0.09411772701526268
-23.289473684210524,-45.81842105263158,1.084233045578003,0,932.6159018643338,0.2741902397166949,0.009898638410055957,0.08621652727903084
-23.289473684210524,-45.79736842105263,0.0,0,928.5385556153608,0.26141345115488024,0.0,0.07842403534646407
-23.289473684210524,-45.776315789473685,0.38017401099205017,0,906.5057139011708,0.19237124997585467,0.0034708452053357083,0.05909971307489068
-23.289473684210524,-45.75526315789474,0.4178769886493683,0,891.2916353434755,0.1446963523770855,0.003815059158539149,0.044934929376541304
-23.289473684210524,-45.734210526315785,0.3165059983730316,0,898.690682539228,0.1678820363505351,0.0028895802846870557,0.051520443019035356
-23.289473684210524,-45.71315789473684,0.026173999533057213,0,912.5281126131737,0.2112430627382827,0.00023895873509794012,0.06346850231552399
-23.289473684210524,-45.69210526315789,0.0022789998911321163,0,926.8549536843464,0.25613770939018393,2.0806408687578368e-05,0.07684963538053022
-23.289473684210524,-45.671052631578945,0.0,0,939.7967364893354,0.29669213190309307,0.0,0.08900763957092792
-23.289473684210524,-45.65,0.0,0,950.6971739288855,0.33084978639012635,0.0,0.0992549359170379
-23.252631578947366,-46.05,0.0,0,1000.3840865543483,0.4865488951093842,0.0,0.14596466853281526
-23.252631578947366,-46.02894736842105,0.0,0,1001.6616047229033,0.49055213116705676,0.0,0.14716563935011703
-23.252631578947366,-46.007894736842104,0.0,0,1002.5051895857115,0.4931955920771431,0.0,0.1479586776231429
-23.252631578947366,-45.98684210526316,0.0,0,1002.724656834354,0.4938833155278693,0.0,0.14816499465836078
-23.252631578947366,-45.96578947368421,0.0,0,1002.2176120004028,0.4922944378022194,0.0,0.1476883313406658
-23.252631578947366,-45.94473684210526,2.1126790046691895,1,1000.8331797471867,0.4879561753399734,0.01928796178001449,0.4541020373139978
-23.252631578947366,-45.92368421052631,28.759872436523438,1,998.1972677528601,0.4796962709407465,0.2625667785441055,0.5489355926998661
-23.252631578947366,-45.902631578947364,109.53355407714844,0,996.1359358727341,0.47323687309227297,1.0,0.5419710619276819
-23.252631578947366,-45.88157894736842,5.987392902374268,1,984.7585739891302,0.43758472625419853,0.054662636968367984,0.4531404726636067
-23.252631578947366,-45.86052631578947,1.1092239618301392,1,957.0480583216973,0.35075094319963823,0.010126796041410951,0.40927600137645587
-23.252631578947366,-45.839473684210525,1.8496359586715698,1,923.5041359242136,0.24563757341542505,0.016886478068344285,0.3804458632519652
-23.252631578947366,-45.81842105263158,2.9979300498962402,1,897.9261335816149,0.16548624267001583,0.02736996964222205,0.36059386065789356
-23.252631578947366,-45.79736842105263,0.0066109998151659966,0,882.7409359623313,0.11790184649570776,6.03559326716417e-05,0.03539469632178098
-23.252631578947366,-45.776315789473685,0.0,0,872.2459637205685,0.08501475937896034,0.0,0.025504427813688103
-23.252631578947366,-45.75526315789474,0.0,0,866.6528610735912,0.06748819048799228,0.0,0.02024645714639768
-23.252631578947366,-45.734210526315785,0.0,0,879.7393478855846,0.10849605805772161,0.0,0.03254881741731648
-23.252631578947366,-45.71315789473684,0.0,0,900.0403842026042,0.1721114668971391,0.0,0.05163344006914173
-23.252631578947366,-45.69210526315789,5.427917957305908,0,919.3303256670991,0.2325585048507384,0.0495548419207034,0.08958948822350288
-23.252631578947366,-45.671052631578945,0.0,0,935.4795435347902,0.28316375874256616,0.0,0.08494912762276985
-23.252631578947366,-45.65,0.0,0,948.3262400733684,0.3234202185496171,0.0,0.09702606556488513
-23.21578947368421,-46.05,0.0,0,1002.5130318728526,0.4932201666995873,0.0,0.14796605000987617
-23.21578947368421,-46.02894736842105,0.0,0,1004.3617336909605,0.49901326613276803,0.0,0.14970397983983041
-23.21578947368421,-46.007894736842104,1.0041029453277588,0,1005.5997245448165,0.5028926392385382,0.009167080843743396,0.15453462410905883
-23.21578947368421,-45.98684210526316,0.0,0,1005.9014222565235,0.5038380403981857,0.0,0.1511514121194557
-23.21578947368421,-45.96578947368421,0.0,0,1005.2735373153848,0.5018704976279105,0.0,0.15056114928837314
-23.21578947368421,-45.94473684210526,0.0,0,1004.2270949250492,0.49859136155581296,0.0,0.1495774084667439
-23.21578947368421,-45.92368421052631,0.0,0,1003.9058430201513,0.4975846852979421,0.0,0.14927540558938263
-23.21578947368421,-45.902631578947364,43.86576461791992,1,1003.2035804915599,0.4953840726212635,0.40047787171247706,0.6088063704713699
-23.21578947368421,-45.88157894736842,1.4411330223083496,1,994.6229521612415,0.4684957812646954,0.013157000468489386,0.44581153456680434
-23.21578947368421,-45.86052631578947,7.496853828430176,0,948.4055154905216,0.32366863631481707,0.06844344540440887,0.12447796905620867
-23.21578947368421,-45.839473684210525,12.567804336547852,1,895.8929693620684,0.15911511111572704,0.11473930926860908,0.3936302570421617
-23.21578947368421,-45.81842105263158,15.790996551513672,1,863.4948446175803,0.05759221745324035,0.14416583744184455,0.37494400021270996
-23.21578947368421,-45.79736842105263,6.325852870941162,1,845.1159373775553,0.0,0.0577526487133398,0.3231010594853359
-23.21578947368421,-45.776315789473685,2.246551036834717,1,847.7093877795581,0.008126846583188907,0.02051016289722864,0.3106421191338481
-23.21578947368421,-45.75526315789474,0.0,1,848.9594036824348,0.012043901430807828,0.0,0.30361317042924235
-23.21578947368421,-45.734210526315785,2.101952075958252,0,867.3394332579685,0.06963963583910054,0.01919002897028039,0.02856790233984232
-23.21578947368421,-45.71315789473684,0.0,0,894.0832909991499,0.15344429573826812,0.0,0.046033288721480436
-23.21578947368421,-45.69210526315789,0.0,0,916.954243270548,0.22511280352139182,0.0,0.06753384105641755
-23.21578947368421,-45.671052631578945,0.0,0,934.9514088220022,0.2815087936879927,0.0,0.0844526381063978
-23.21578947368421,-45.65,0.29827699065208435,0,948.6702491147105,0.3244982066615387,0.0027231563256132187,0.0984387245287069
-23.178947368421053,-46.05,0.0,0,1004.7036536229497,0.500084707803241,0.0,0.1500254123409723
-23.178947368421053,-46.02894736842105,0.0,0,1007.3931191132342,0.5085124276522281,0.0,0.15255372829566843
-23.178947368421053,-46.007894736842104,0.0,0,1009.1927577965955,0.5141517826495531,0.0,0.1542455347948659
-23.178947368421053,-45.98684210526316,0.0,0,1009.3178363694233,0.5145437293671115,0.0,0.15436311881013343
-23.178947368421053,-45.96578947368421,1.2721060514450073,0,1007.5668509161004,0.5090568343266044,0.011613848031891827,0.15736258951073806
-23.178947368421053,-45.94473684210526,2.1708080768585205,1,1004.6495447207876,0.4999151519303713,0.019818658265480384,0.4579020088853035
-23.178947368421053,-45.92368421052631,0.0,1,1002.479652214394,0.49311556806794105,0.0,0.44793467042038226
-23.178947368421053,-45.902631578947364,0.0,0,1002.8385592297018,0.49424024053084364,0.0,0.1482720721592531
-23.178947368421053,-45.88157894736842,98.2110824584961,1,970.6091369826527,0.3932459936910718,0.8966301083348622,0.7766258414412665
-23.178947368421053,-45.86052631578947,97.67144775390625,1,924.1800057820417,0.24775548191312693,0.8917034471931106,0.7310080234511824
-23.178947368421053,-45.839473684210525,0.004157000221312046,1,874.048771600762,0.09066404538419187,3.7951842760293534e-05,0.32721439435236166
-23.178947368421053,-45.81842105263158,91.93008422851562,1,864.7656471305637,0.06157440930567427,0.8392869655609454,0.6541871090160805
-23.178947368421053,-45.79736842105263,0.006550000049173832,1,855.0009375697643,0.03097567625539925,5.9799027835437807e-05,0.30931662248775393
-23.178947368421053,-45.776315789473685,2.667206048965454,1,850.6119012442499,0.0172221744194079,0.024350584361453702,0.31490688607040385
-23.178947368421053,-45.75526315789474,0.014473999850451946,1,851.0686220245505,0.018653356488666045,0.00013214215472509352,0.3056488638084899
-23.178947368421053,-45.734210526315785,31.297903060913086,0,871.8914447278539,0.08390383724125797,0.2857380400426781,0.13946636718944863
-23.178947368421053,-45.71315789473684,0.0,0,899.6774864815948,0.1709742891428413,0.0,0.05129228674285239
-23.178947368421053,-45.69210526315789,0.0,0,922.1393055929611,0.24136073561447616,0.0,0.07240822068434284
-23.178947368421053,-45.671052631578945,0.0,0,939.486957327279,0.2957214066782123,0.0,0.08871642200346368
-23.178947368421053,-45.65,0.0,0,952.3928864205577,0.3361634778562807,0.0,0.1008490433568842
-23.142105263157895,-46.05,0.0,0,1006.5995406595367,0.5060256670263287,0.0,0.1518077001078986
-23.142105263157895,-46.02894736842105,0.0,0,1010.6015940215135,0.5185665174954192,0.0,0.15556995524862574
-23.142105263157895,-46.007894736842104,0.0,0,1013.5089080095603,0.5276768882708804,0.0,0.15830306648126413
-23.142105263157895,-45.98684210526316,0.00458399998024106,0,1013.386545249641,0.5272934518355465,4.1850189367656085e-05,0.15820477562641103
-23.142105263157895,-45.96578947368421,0.008874000050127506,0,1009.3598704217269,0.5146754474420272,8.101627053822455e-05,0.15443504074082345
-23.142105263157895,-45.94473684210526,1.2595280408859253,0,1001.48143366336,0.4899875464121262,0.011499015543664311,0.15159587014110357
-23.142105263157895,-45.92368421052631,21.459564208984375,0,987.4596195183937,0.44604873335978257,0.1959177202802132,0.21218170812002005
-23.142105263157895,-45.902631578947364,77.51539611816406,1,958.2179865552076,0.3544170350052639,0.7076863046328906,0.6893996323547353
-23.142105263157895,-45.88157894736842,0.0,0,902.2225240363396,0.17894942903365704,0.0,0.05368482871009711
-23.142105263157895,-45.86052631578947,0.004495999775826931,0,893.1096794527988,0.15039338269103728,4.1046780721277754e-05,0.04513443351959969
-23.142105263157895,-45.839473684210525,0.0,0,896.8198113995713,0.16201946704241832,0.0,0.04860584011272549
-23.142105263157895,-45.81842105263158,0.0,0,898.1220542173241,0.16610018035999846,0.0,0.04983005410799954
-23.142105263157895,-45.79736842105263,0.01624399982392788,1,894.8834161035884,0.15595157097519108,0.00014830158631104622,0.34684479192708173
-23.142105263157895,-45.776315789473685,81.1161880493164,1,889.9841005113572,0.14059905598206093,0.7405601756716791,0.6384037870632899
-23.142105263157895,-45.75526315789474,0.6437640190124512,1,888.5964653005396,0.13625075671902673,0.005877322473796705,0.34322615600522666
-23.142105263157895,-45.734210526315785,0.9705880284309387,0,901.1373659991277,0.17554897345520282,0.008861102304297718,0.05620913295827993
-23.142105263157895,-45.71315789473684,12.36658000946045,0,918.6553480496551,0.23044339228108304,0.11290220712413129,0.11429390053397742
-23.142105263157895,-45.69210526315789,1.9746390581130981,0,935.7926718694059,0.2841449789480138,0.018027709177794858,0.0924545773555221
-23.142105263157895,-45.671052631578945,2.867302894592285,0,949.4288454037962,0.3268753470360819,0.02617739302581874,0.10853356132115206
-23.142105263157895,-45.65,0.709443986415863,0,959.5405649746378,0.35856147204583544,0.006476955782117469,0.11015922392659762
-23.105263157894736,-46.05,0.0,0,1007.3429084824269,0.5083550874181133,0.0,0.15250652622543398
-23.105263157894736,-46.02894736842105,0.0,0,1013.206693759947,0.5267298684859778,0.0,0.15801896054579334
-23.105263157894736,-46.007894736842104,6.309027194976807,0,1018.619326937537,0.5436909175237313,0.05759903664344837,0.18614688991449876
-23.105263157894736,-45.98684210526316,0.0,0,1018.7835352744803,0.5442054814270888,0.0,0.16326164442812663
-23.105263157894736,-45.96578947368421,1.0601520538330078,0,1011.8630169969335,0.522519317591319,0.00967878804595626,0.1606273104957782
-23.105263157894736,-45.94473684210526,1.959143042564392,1,1001.0148705203145,0.4885255222754884,0.017886236405553837,0.4537121512448681
-23.105263157894736,-45.92368421052631,2.5400729179382324,1,979.9409125242996,0.42248808296224166,0.023189906867708932,0.43602238763575607
-23.105263157894736,-45.902631578947364,0.0,0,933.6541211287683,0.2774436077684822,0.0,0.08323308233054466
-23.105263157894736,-45.88157894736842,0.0,0,853.2969373782719,0.025636014419842593,0.0,0.007690804325952778
-23.105263157894736,-45.86052631578947,0.0,0,876.8547949255628,0.09945701133098399,0.0,0.029837103399295194
-23.105263157894736,-45.839473684210525,0.0,0,931.0223833454585,0.2691967836936422,0.0,0.08075903510809265
-23.105263157894736,-45.81842105263158,0.0,0,945.9185266727501,0.31587539817904,0.0,0.09476261945371199
-23.105263157894736,-45.79736842105263,0.0,0,947.1428099347861,0.31971181712009583,0.0,0.09591354513602875
-23.105263157894736,-45.776315789473685,0.0,0,944.7142911713365,0.312101800981091,0.0,0.09363054029432731
-23.105263157894736,-45.75526315789474,0.0,0,931.1811301549379,0.26969423333263043,0.0,0.08090826999978913
-23.105263157894736,-45.734210526315785,0.0,0,941.3602497800421,0.3015915634227923,0.0,0.09047746902683769
-23.105263157894736,-45.71315789473684,74.49329376220703,0,949.1384456774279,0.32596534928861265,0.6800956509613366,0.36982786517111843
-23.105263157894736,-45.69210526315789,6.132197856903076,0,956.7603509042965,0.34984938208234967,0.05598465153959989,0.12734867524054486
-23.105263157894736,-45.671052631578945,0.8784329891204834,0,963.667043884156,0.37149222290982725,0.008019761583758812,0.1146555715064517
-23.105263157894736,-45.65,0.7765889763832092,0,969.3154957642633,0.38919223437976186,0.007089964193403507,0.11959365599128996
-23.068421052631578,-46.05,0.0,0,1005.3459285380549,0.5020973430536624,0.0,0.15062920291609871
-23.068421052631578,-46.02894736842105,0.0,0,1012.4943824915122,0.5244977670378159,0.0,0.15734933011134478
-23.068421052631578,-46.007894736842104,0.0,0,1022.691379930578,0.556451119117524,0.0,0.16693533573525718
-23.068421052631578,-45.98684210526316,0.0,0,1025.1245544180704,0.5640757244520654,0.0,0.16922271733561964
-23.068421052631578,-45.96578947368421,0.5592060089111328,0,1011.1508863434601,0.5202877821189247,0.00510533976207203,0.15812847054050622
-23.068421052631578,-45.94473684210526,0.0,0,1005.4735075933771,0.502497125293196,0.0,0.1507491375879588
-23.068421052631578,-45.92368421052631,0.0,1,998.2136571134355,0.4797476287067906,0.0,0.44392428861203714
-23.068421052631578,-45.902631578947364,0.0,0,968.3493787545103,0.3861648062424786,0.0,0.11584944187274358
-23.068421052631578,-45.88157894736842,0.0,0,938.4789933412922,0.292562846688336,0.0,0.0877688540065008
-23.068421052631578,-45.86052631578947,0.0,0,947.4541626263082,0.32068747316322227,0.0,0.09620624194896668
-23.068421052631578,-45.839473684210525,0.7723069787025452,0,976.9621135407052,0.4131537065179745,0.007050871171025652,0.1267664604238026
-23.068421052631578,-45.81842105263158,0.427170991897583,0,992.7214748290364,0.4625373042688337,0.00389990989972544,0.14032115524054029
-23.068421052631578,-45.79736842105263,0.0,0,1000.4772622149786,0.486840870733304,0.0,0.1460522612199912
-23.068421052631578,-45.776315789473685,0.0,0,1012.7939003548423,0.5254363374158454,0.0,0.15763090122475362
-23.068421052631578,-45.75526315789474,0.0,0,1002.7735855505967,0.49403663874936204,0.0,0.1482109916248086
-23.068421052631578,-45.734210526315785,1.0314699411392212,0,988.6946740427783,0.4499189051717423,0.009416931184509175,0.13874244402532634
-23.068421052631578,-45.71315789473684,61.740779876708984,0,982.7649388600712,0.43133746321642985,0.5636700132383426,0.354869244260266
-23.068421052631578,-45.69210526315789,0.4088810086250305,0,980.082153654404,0.4229306767341172,0.003732929256883611,0.12837237472298862
-23.068421052631578,-45.671052631578945,0.9397510290145874,0,979.5318301330543,0.4212061807400256,0.008579572140539572,0.12979368307822348
-23.068421052631578,-45.65,0.008073999546468258,0,980.159123784004,0.4231718706409929,7.371256793860125e-05,0.12698104621947331
-23.03157894736842,-46.05,0.0,0,999.1845546021057,0.48279003697198525,0.0,0.14483701109159558
-23.03157894736842,-46.02894736842105,0.0,0,1003.3144171475845,0.49573139081119694,0.0,0.14871941724335908
-23.03157894736842,-46.007894736842104,0.0,0,1011.0305541742262,0.5199107087507078,0.0,0.15597321262521233
-23.03157894736842,-45.98684210526316,0.0,0,1011.8813126169767,0.5225766488196781,0.0,0.15677299464590344
-23.03157894736842,-45.96578947368421,0.0,0,988.8361706473781,0.45036229949952167,0.0,0.1351086898498565
-23.03157894736842,-45.94473684210526,0.0,0,999.3922423650648,0.48344084817912125,0.0,0.14503225445373638
-23.03157894736842,-45.92368421052631,0.0,0,1023.4713859121298,0.5588953489902624,0.0,0.1676686046970787
-23.03157894736842,-45.902631578947364,0.5271559953689575,0,1024.612402809799,0.5624708441179205,0.004812735237255814,0.17066634733027847
-23.03157894736842,-45.88157894736842,0.0,0,1018.7928983141534,0.5442348214857676,0.0,0.16327044644573027
-23.03157894736842,-45.86052631578947,0.0,0,1031.669254092629,0.5845842216059375,0.0,0.17537526648178123
-23.03157894736842,-45.839473684210525,0.0,0,1037.3542835991575,0.6023988528727544,0.0,0.1807196558618263
-23.03157894736842,-45.81842105263158,0.0,0,1038.217844805368,0.6051049117326603,0.0,0.1815314735197981
-23.03157894736842,-45.79736842105263,0.0,0,1040.683191582001,0.61283033228151,0.0,0.18384909968445298
-23.03157894736842,-45.776315789473685,0.002954999916255474,0,1046.3410427608917,0.6305597974318169,2.697803372813194e-05,0.18917873044303632
-23.03157894736842,-45.75526315789474,0.0,0,1041.2142611375275,0.6144944939710619,0.0,0.18434834819131857
-23.03157894736842,-45.734210526315785,0.7348909974098206,0,1027.4311658234835,0.5713037312049031,0.006709277386290326,0.17407483031598706
-23.03157894736842,-45.71315789473684,0.0,0,1011.9686062727034,0.5228501925694364,0.0,0.15685505777083092
-23.03157894736842,-45.69210526315789,1.1217299699783325,0,1000.6715178668187,0.4874495910231551,0.010240971174807836,0.15033126577686967
-23.03157894736842,-45.671052631578945,0.0,0,993.9456941569728,0.46637352286573835,0.0,0.1399120568597215
-23.03157894736842,-45.65,0.0,0,990.2693877276497,0.4548534342915261,0.0,0.1364560302874578
-22.99473684210526,-46.05,3.1225059032440186,0,990.2467529006882,0.45478250570696127,0.028507300156121337,0.1478376717745369
-22.99473684210526,-46.02894736842105,0.6082199811935425,0,986.9303816594897,0.44439031148211494,0.005552818826321943,0.13553822097516324
-22.99473684210526,-46.007894736842104,0.0,0,977.8687447185454,0.4159947296137517,0.0,0.12479841888412552
-22.99473684210526,-45.98684210526316,0.0,0,954.4519004197955,0.3426156123839049,0.0,0.10278468371517148
-22.99473684210526,-45.96578947368421,0.7729099988937378,0,929.5240362040355,0.2645015570807483,0.007056376517732177,0.08217301773131735
-22.99473684210526,-45.94473684210526,0.0,0,974.3164128660078,0.4048631282706711,0.0,0.12145893848120133
-22.99473684210526,-45.92368421052631,0.0,0,1054.0328138072775,0.6546627620378556,0.0,0.19639882861135666
-22.99473684210526,-45.902631578947364,0.0,0,1091.4182047461763,0.7718137730532707,0.0,0.2315441319159812
-22.99473684210526,-45.88157894736842,0.0,0,1090.3237004605091,0.7683840300331648,0.0,0.23051520900994943
-22.99473684210526,-45.86052631578947,0.0,0,1115.9966528130756,0.848832896510695,0.0,0.2546498689532085
-22.99473684210526,-45.839473684210525,0.2747099995613098,0,1091.7183155201192,0.7727542013783746,0.0025079985934522097,0.23282945985089326
-22.99473684210526,-45.81842105263158,0.0,0,1075.2113801571547,0.7210280025083955,0.0,0.21630840075251864
-22.99473684210526,-45.79736842105263,0.0,0,1065.8995027956005,0.6918482662541845,0.0,0.20755447987625533
-22.99473684210526,-45.776315789473685,0.0,0,1061.3719436885763,0.6776606888743781,0.0,0.20329820666231344
-22.99473684210526,-45.75526315789474,0.0,0,1057.5593446223852,0.6657135131465465,0.0,0.19971405394396394
-22.99473684210526,-45.734210526315785,0.0,0,1051.778313861996,0.647598051965528,0.0,0.1942794155896584
-22.99473684210526,-45.71315789473684,0.0,0,1030.0711621735948,0.5795764343578007,0.0,0.17387293030734022
-22.99473684210526,-45.69210526315789,0.03332199901342392,0,1014.6675710871865,0.5313076795388383,0.0003042172719964335,0.15951399077045006
-22.99473684210526,-45.671052631578945,0.6900780200958252,0,1004.5930471602065,0.4997381109478978,0.00630015182023381,0.15244149401246285
-22.99473684210526,-45.65,0.0,0,998.2302303878834,0.47979956278608316,0.0,0.14393986883582494
-22.957894736842103,-46.05,0.0,0,982.8225082673101,0.43151786294189004,0.0,0.129455358882567
-22.957894736842103,-46.02894736842105,0.0,0,974.5500418443235,0.4055952289743099,0.0,0.12167856869229296
-22.957894736842103,-46.007894736842104,1.9694089889526367,0,957.5942789823597,0.3524625824530216,0.01797996062070177,0.11293075898418718
-22.957894736842103,-45.98684210526316,0.0,0,924.4987698314691,0.2487543622171157,0.0,0.0746263086651347
-22.957894736842103,-45.96578947368421,0.0,0,868.6668935480296,0.07379937072906448,0.0,0.022139811218719344
-22.957894736842103,-45.94473684210526,0.0,0,959.5209567729111,0.3585000277062472,0.0,0.10755000831187417
-22.957894736842103,-45.92368421052631,0.0,0,1111.2014814213505,0.8338067282020394,0.0,0.2501420184606118
-22.957894736842103,-45.902631578947364,0.0,0,1164.2373057281836,1.0,0.0,0.3
-22.957894736842103,-45.88157894736842,0.0,0,1145.551950221978,0.9414474950305567,0.0,0.282434248509167
-22.957894736842103,-45.86052631578947,0.0023350000847131014,0,1139.4663055296207,0.922377494410383,2.1317669314998e-05,0.27672177539084086
-22.957894736842103,-45.839473684210525,4.019367218017578,0,1120.9594845392885,0.8643844459160615,0.036695305396432155,0.27399345593339125
-22.957894736842103,-45.81842105263158,0.0,0,1096.0344425576143,0.7862792343769572,0.0,0.23588377031308716
-22.957894736842103,-45.79736842105263,0.0,0,1078.3636317846074,0.7309059108532519,0.0,0.21927177325597555
-22.957894736842103,-45.776315789473685,0.0,0,1067.2060376576344,0.6959424291389412,0.0,0.20878272874168236
-22.957894736842103,-45.75526315789474,0.0,0,1059.0480705614516,0.6703785907211409,0.0,0.20111357721634227
-22.957894736842103,-45.734210526315785,0.0,0,1049.1171838505704,0.6392591242867597,0.0,0.1917777372860279
-22.957894736842103,-45.71315789473684,0.0,0,1034.6629548460248,0.5939652942958319,0.0,0.17818958828874956
-22.957894736842103,-45.69210526315789,0.0,0,1021.0229881260991,0.5512230398663539,0.0,0.16536691195990616
-22.957894736842103,-45.671052631578945,0.0,0,1010.6840993792441,0.5188250566153692,0.0,0.15564751698461074
-22.957894736842103,-45.65,0.0,0,1003.4222305089229,0.4960692351927737,0.0,0.1488207705578321
-22.921052631578945,-46.05,0.0,0,979.8866252496388,0.4223179681405942,0.0,0.12669539044217826
-22.921052631578945,-46.02894736842105,0.0,0,972.267572435166,0.39844287367778325,0.0,0.11953286210333497
-22.921052631578945,-46.007894736842104,0.0,0,960.4897450198725,0.3615358264431624,0.0,0.10846074793294871
-22.921052631578945,-45.98684210526316,0.0,0,946.4774718450196,0.3176269110130393,0.0,0.09528807330391179
-22.921052631578945,-45.96578947368421,0.9240800142288208,0,944.5362147147627,0.311543779882428,0.008436501691326093,0.09683773464125883
-22.921052631578945,-45.94473684210526,0.0,0,998.5447063211908,0.48078500583219697,0.0,0.14423550174965907
-22.921052631578945,-45.92368421052631,0.02337300032377243,0,1091.5973380388841,0.7723751058578824,0.0002133866696894541,0.2317978864252405
-22.921052631578945,-45.902631578947364,0.5553879737854004,0,1133.3384280232892,0.9031751528749248,0.0050704825426756495,0.27298073887954766
-22.921052631578945,-45.88157894736842,0.0,0,1131.2628691431191,0.8966711732420423,0.0,0.26900135197261266
-22.921052631578945,-45.86052631578947,0.0,0,1147.2155160966531,0.9466604517287349,0.0,0.28399813551862046
-22.921052631578945,-45.839473684210525,0.0,0,1126.2570242238146,0.8809848375222591,0.0,0.2642954512566777
-22.921052631578945,-45.81842105263158,0.2763490080833435,0,1098.283807079446,0.7933278520657616,0.0025229621225355374,0.2390075404687427
-22.921052631578945,-45.79736842105263,0.0,0,1078.4486235332768,0.7311722413378215,0.0,0.21935167240134645
-22.921052631578945,-45.776315789473685,0.0,0,1064.7650817464641,0.688293439903948,0.0,0.2064880319711844
-22.921052631578945,-45.75526315789474,0.0,0,1054.2359404397237,0.6552992804681192,0.0,0.19658978414043576
-22.921052631578945,-45.734210526315785,0.0,0,1043.9606957255778,0.6231007324133361,0.0,0.1869302197240008
-22.921052631578945,-45.71315789473684,0.3168100118637085,0,1032.7775041267355,0.588057038358493,0.002892355813092377,0.17757405383278482
-22.921052631578945,-45.69210526315789,0.0,0,1021.9853095725393,0.5542385742112146,0.0,0.16627157226336436
-22.921052631578945,-45.671052631578945,0.0,0,1012.9547451061326,0.5259403611737078,0.0,0.15778210835211234
-22.921052631578945,-45.65,0.0,0,1006.0288733670365,0.5042374217093518,0.0,0.15127122651280553
-22.884210526315787,-46.05,0.0,0,980.9531952108224,0.4256601760494415,0.0,0.12769805281483246
-22.884210526315787,-46.02894736842105,0.0,0,976.8770509419871,0.41288715401740794,0.0,0.12386614620522238
-22.884210526315787,-46.007894736842104,0.0,0,973.6110636924711,0.40265284327101014,0.0,0.12079585298130303
-22.884210526315787,-45.98684210526316,0.0,0,976.820035208643,0.4127084892866857,0.0,0.1238125467860057
-22.884210526315787,-45.96578947368421,0.0,0,992.5911596268357,0.462128948028466,0.0,0.1386386844085398
-22.884210526315787,-45.94473684210526,0.0,0,1019.8962968286601,0.5476924354970436,0.0,0.16430773064911308
-22.884210526315787,-45.92368421052631,0.4839330017566681,0,1061.1599921992897,0.676996516837319,0.004418125622179817,0.2048662053000676
-22.884210526315787,-45.902631578947364,0.0,0,1088.7537510876061,0.763464430380477,0.0,0.22903932911414307
-22.884210526315787,-45.88157894736842,0.0,0,1103.1059891934024,0.8084386612819533,0.0,0.242531598384586
-22.884210526315787,-45.86052631578947,0.0,0,1110.4005798069095,0.8312970196902575,0.0,0.24938910590707725
-22.884210526315787,-45.839473684210525,0.0,0,1101.3073761026008,0.8028025200855875,0.0,0.24084075602567623
-22.884210526315787,-45.81842105263158,0.0,0,1083.6568022174,0.7474926109546902,0.0,0.22424778328640707
-22.884210526315787,-45.79736842105263,0.0,0,1068.303658910439,0.6993819394997725,0.0,0.20981458184993174
-22.884210526315787,-45.776315789473685,0.0,0,1056.3859950713716,0.6620367002866678,0.0,0.19861101008600035
-22.884210526315787,-45.75526315789474,0.0,0,1046.589319808946,0.6313377993855482,0.0,0.18940133981566445
-22.884210526315787,-45.734210526315785,0.0,0,1037.5238186630716,0.6029301086291153,0.0,0.18087903258873458
-22.884210526315787,-45.71315789473684,0.0,0,1028.5880369867423,0.5749289073228109,0.0,0.17247867219684326
-22.884210526315787,-45.69210526315789,0.0,0,1020.115902054756,0.5483805913144711,0.0,0.16451417739434135
-22.884210526315787,-45.671052631578945,0.0,0,1012.7071936537781,0.5251646329495716,0.0,0.15754938988487147
-22.884210526315787,-45.65,0.0,0,1006.6741057111552,0.5062593243711937,0.0,0.15187779731135811
-22.847368421052632,-46.05,0.0,0,983.8277460032476,0.43466787994367545,0.0,0.13040036398310262
-22.847368421052632,-46.02894736842105,0.0,0,982.8589119618298,0.43163193770506814,0.0,0.12948958131152044
-22.847368421052632,-46.007894736842104,0.0,0,984.204869981029,0.43584963715326164,0.0,0.1307548911459785
-22.847368421052632,-45.98684210526316,0.0,0,990.6292680359122,0.4559811566691361,0.0,0.1367943470007408
-22.847368421052632,-45.96578947368421,0.0,0,1003.5142408140438,0.49635755905399437,0.0,0.1489072677161983
-22.847368421052632,-45.94473684210526,0.0,0,1022.4419359338017,0.5556694604085959,0.0,0.16670083812257877
-22.847368421052632,-45.92368421052631,0.005119000095874071,0,1044.7146591066853,0.625463355088854,4.6734538461781074e-05,0.1876577003420409
-22.847368421052632,-45.902631578947364,0.5718309879302979,0,1062.7177715047449,0.6818779803178326,0.005220601054609591,0.20665163451719362
-22.847368421052632,-45.88157894736842,0.0,0,1073.0816034444401,0.7143541256579599,0.0,0.21430623769738796
-22.847368421052632,-45.86052631578947,0.0,0,1075.1829897794948,0.7209390383070742,0.0,0.21628171149212225
-22.847368421052632,-45.839473684210525,0.0,0,1069.2217364405783,0.7022588309310305,0.0,0.21067764927930913
-22.847368421052632,-45.81842105263158,0.0,0,1060.7093168216475,0.6755842786660816,0.0,0.20267528359982448
-22.847368421052632,-45.79736842105263,0.0,0,1052.5462061234484,0.65000432223637,0.0,0.19500129667091098
-22.847368421052632,-45.776315789473685,0.34711501002311707,0,1044.810900921688,0.6257649388264148,0.003169029006204176,0.18899709325040612
-22.847368421052632,-45.75526315789474,0.0,0,1037.496334190332,0.6028439831750861,0.0,0.18085319495252583
-22.847368421052632,-45.734210526315785,0.0,0,1030.4134927189093,0.5806491627278371,0.0,0.17419474881835112
-22.847368421052632,-45.71315789473684,0.0,0,1023.4906648403138,0.5589557615169561,0.0,0.16768672845508684
-22.847368421052632,-45.69210526315789,0.0,0,1016.926301086998,0.5383856449270094,0.0,0.1615156934781028
-22.847368421052632,-45.671052631578945,0.7039459943771362,0,1011.0344772122488,0.5199230019983927,0.006426761190286235,0.1585476050756323
-22.847368421052632,-45.65,0.0,0,1006.0362620600171,0.5042605749473151,0.0,0.15127817248419453
-22.810526315789474,-46.05,0.0,0,986.7758670537,0.44390612389358614,0.0,0.13317183716807585
-22.810526315789474,-46.02894736842105,0.0,0,987.5334664164703,0.44628014029582813,0.0,0.13388404208874843
-22.810526315789474,-46.007894736842104,0.0,0,990.3854507590152,0.45521712987219287,0.0,0.13656513896165787
-22.810526315789474,-45.98684210526316,0.0,0,996.4743583093326,0.4742973549971597,0.0,0.1422892064991479
-22.810526315789474,-45.96578947368421,0.0,0,1006.1902881822035,0.5047432318216653,0.0,0.15142296954649956
-22.810526315789474,-45.94473684210526,0.0,0,1018.7939460179208,0.544238104574496,0.0,0.16327143137234879
-22.810526315789474,-45.92368421052631,0.0,0,1032.1385885753707,0.5860549300237644,0.0,0.17581647900712932
-22.810526315789474,-45.902631578947364,0.0,0,1042.889127116538,0.619742860721515,0.0,0.1859228582164545
-22.810526315789474,-45.88157894736842,0.0,0,1048.355538460422,0.636872429236895,0.0,0.1910617287710685
-22.810526315789474,-45.86052631578947,0.0,0,1046.8938923855014,0.6322922092332175,0.0,0.18968766276996524
-22.810526315789474,-45.839473684210525,0.0,0,1038.6711032984917,0.6065252443649324,0.0,0.1819575733094797
-22.810526315789474,-45.81842105263158,0.0,0,1037.9987153722643,0.6044182468620618,0.0,0.18132547405861854
-22.810526315789474,-45.79736842105263,0.0,0,1036.527075757043,0.5998067110604088,0.0,0.17994201331812265
-22.810526315789474,-45.776315789473685,0.0,0,1032.9183118388567,0.5884982739700376,0.0,0.17654948219101127
-22.810526315789474,-45.75526315789474,0.4434269964694977,0,1028.3286277860063,0.5741160216107801,0.004048321084853835,0.17385413491717555
-22.810526315789474,-45.734210526315785,0.0027749999426305294,0,1023.3233784823965,0.5584315523147271,2.5334701918610226e-05,0.16753959957518558
-22.810526315789474,-45.71315789473684,0.0,0,1018.2093943695058,0.5424063511841286,0.0,0.1627219053552386
-22.810526315789474,-45.69210526315789,0.3350920081138611,0,1013.2455756775835,0.5268517090190559,0.0030592635374347816,0.15927921812069065
-22.810526315789474,-45.671052631578945,1.353782057762146,0,1008.6723680407932,0.5125210872232584,0.01235951913701831,0.15870013382178483
-22.810526315789474,-45.65,0.4724079966545105,0,1004.664285475181,0.49996134361747013,0.004312906676266311,0.15171356575574754
-22.773684210526316,-46.05,0.0,0,989.0642031748757,0.4510768631424271,0.0,0.13532305894272814
-22.773684210526316,-46.02894736842105,0.0,0,990.5207855186227,0.4556412154177864,0.0,0.1366923646253359
-22.773684210526316,-46.007894736842104,0.0,0,993.5236647616321,0.4650510498595528,0.0,0.13951531495786584
-22.773684210526316,-45.98684210526316,0.010277999565005302,0,998.525085950249,0.4807235233591079,9.383425610170684e-05,0.14425459071017305
-22.773684210526316,-45.96578947368421,0.2924540042877197,0,1005.5165358872247,0.5026319589274022,0.0026699946582736996,0.15185758554153012
-22.773684210526316,-45.94473684210526,0.0,0,1013.8107912054849,0.5286228706646163,0.0,0.1585868611993849
-22.773684210526316,-45.92368421052631,0.0,0,1022.0014311483037,0.5542890928457005,0.0,0.16628672785371015
-22.773684210526316,-45.902631578947364,0.0,0,1028.238665786111,0.5738341163270305,0.0,0.17215023489810916
-22.773684210526316,-45.88157894736842,0.0,0,1030.852843453949,0.5820259139535867,0.0,0.174607774186076
-22.773684210526316,-45.86052631578947,0.0,0,1028.943730491822,0.576043509917172,0.0,0.1728130529751516
-22.773684210526316,-45.839473684210525,0.0,0,1024.2905086995831,0.5614621554428888,0.0,0.16843864663286665
-22.773684210526316,-45.81842105263158,0.0,0,1023.8980387052386,0.5602323098942407,0.0,0.1680696929682722
-22.773684210526316,-45.79736842105263,0.32374799251556396,0,1024.2210195104008,0.5612444038409151,0.0029556969573683017,0.16955559993522185
-22.773684210526316,-45.776315789473685,0.0,0,1022.8204124527725,0.5568554559466791,0.0,0.1670566367840037
-22.773684210526316,-45.75526315789474,0.0,0,1020.1833803596749,0.54859204160145,0.0,0.164577612480435
-22.773684210526316,-45.734210526315785,0.3478490114212036,0,1016.8573329144049,0.5381695259847097,0.003175730161884467,0.1627211498601667
-22.773684210526316,-45.71315789473684,0.0,0,1013.2240282809616,0.5267841880105656,0.0,0.15803525640316968
-22.773684210526316,-45.69210526315789,0.0,0,1009.5624411737971,0.5153102239633149,0.0,0.1545930671889945
-22.773684210526316,-45.671052631578945,0.0,0,1006.0869760842878,0.5044194926172063,0.0,0.1513258477851619
-22.773684210526316,-45.65,1.2096439599990845,0,1002.9490839147492,0.49458658112727133,0.011043592716320412,0.15279341142470956
-22.736842105263158,-46.05,0.35092899203300476,0,990.5825063439894,0.4558346240437449,0.0032038492221829378,0.13803192690199664
-22.736842105263158,-46.02894736842105,0.0,0,992.1746391727014,0.46082373786254344,0.0,0.13824712135876302
-22.736842105263158,-46.007894736842104,0.34662801027297974,0,994.8242653431018,0.4691266170589287,0.0031645828823269728,0.1420038182706094
-22.736842105263158,-45.98684210526316,0.0,0,998.6797554594104,0.4812081963534637,0.0,0.1443624589060391
-22.736842105263158,-45.96578947368421,0.0,0,1003.598967279862,0.4966230582471575,0.0,0.14898691747414725
-22.736842105263158,-45.94473684210526,0.0,0,1009.0546289472408,0.5137189415331194,0.0,0.15411568245993582
-22.736842105263158,-45.92368421052631,0.0,0,1014.1627226598455,0.529725684481753,0.0,0.15891770534452587
-22.736842105263158,-45.902631578947364,0.354202002286911,0,1017.8813340569367,0.5413783400726673,0.003233730570245477,0.16370699424989837
-22.736842105263158,-45.88157894736842,0.0,0,1019.3824495183059,0.5460822415040496,0.0,0.16382467245121488
-22.736842105263158,-45.86052631578947,0.0,0,1018.5902857876418,0.5435999140599229,0.0,0.16307997421797688
-22.736842105263158,-45.839473684210525,0.0,0,1016.8686173368533,0.5382048868961609,0.0,0.16146146606884826
-22.736842105263158,-45.81842105263158,0.0,0,1016.1203722576424,0.5358601831144049,0.0,0.16075805493432146
-22.736842105263158,-45.79736842105263,0.0,0,1015.9184781400309,0.5352275268975709,0.0,0.16056825806927127
-22.736842105263158,-45.776315789473685,0.34083300828933716,0,1015.13217914068,0.5327635771990133,0.003111676701819391,0.16107374384043174
-22.736842105263158,-45.75526315789474,0.0,0,1013.5436130075972,0.5277856399919459,0.0,0.15833569199758377
-22.736842105263158,-45.734210526315785,0.0,0,1011.3527134249962,0.5209202282712435,0.0,0.15627606848137304
-22.736842105263158,-45.71315789473684,0.0,0,1008.8170141127451,0.512974350734566,0.0,0.15389230522036978
-22.736842105263158,-45.69210526315789,0.0,0,1006.1608515752741,0.5046509891521082,0.0,0.15139529674563243
-22.736842105263158,-45.671052631578945,0.005212000105530024,0,1003.5618785551701,0.4965068368706838,4.758359344259955e-05,0.14897108449858218
-22.736842105263158,-45.65,0.0,0,1001.1489427056144,0.4889456514131669,0.0,0.14668369542395007
-22.7,-46.05,0.0,0,991.462163267584,0.4585911205082125,0.0,0.13757733615246373
-22.7,-46.02894736842105,0.0,0,992.9287153963585,0.4631867141419274,0.0,0.13895601424257822
-22.7,-46.007894736842104,2.3932619094848633,0,995.090487661709,0.469960852384451,0.02184957778142762,0.14972808682790634
-22.7,-45.98684210526316,0.0,0,997.9672183845645,0.4789753873174261,0.0,0.14369261619522783
-22.7,-45.96578947368421,0.0,0,1001.3998763878745,0.48973197820650277,0.0,0.14691959346195083
-22.7,-45.94473684210526,0.0,0,1005.0191051231801,0.501073207889778,0.0,0.1503219623669334
-22.7,-45.92368421052631,0.003656999906525016,0,1008.2889959027832,0.5113197507537155,3.338702863552897e-05,0.15340928003756885
-22.7,-45.902631578947364,0.0,0,1010.64573115743,0.5187048258015805,0.0,0.15561144774047414
-22.7,-45.88157894736842,0.0,0,1011.7244496476459,0.5220851023897365,0.0,0.15662553071692095
-22.7,-45.86052631578947,0.0,0,1011.6202713533412,0.5217586488687982,0.0,0.15652759466063945
-22.7,-45.839473684210525,0.0,0,1010.9708749709375,0.519723697759883,0.0,0.1559171093279649
-22.7,-45.81842105263158,0.2588689923286438,0,1010.4454116351932,0.5180771037431294,0.0023633761773703883,0.15636848159388697
-22.7,-45.79736842105263,0.0,0,1010.055225016447,0.516854413389416,0.0,0.1550563240168248
-22.7,-45.776315789473685,0.0,0,1009.4267351857792,0.5148849751348855,0.0,0.15446549254046565
-22.7,-45.75526315789474,3.3204760551452637,0,1008.3561503458408,0.5115301861858668,0.03031469290959492,0.165584933019598
-22.7,-45.734210526315785,12.521499633789062,0,1006.8691480257339,0.5068705097505583,0.11431656481236534,0.19778777885011362
-22.7,-45.71315789473684,0.0,0,1005.0943493093472,0.5013089933733889,0.0,0.15039269801201666
-22.7,-45.69210526315789,0.0,0,1003.1790630908803,0.49530724479614363,0.0,0.1485921734388431
-22.7,-45.671052631578945,0.0,0,1001.25423024681,0.4892755808746122,0.0,0.14678267426238364
-22.7,-45.65,0.0,0,999.42177009802,0.48353337640155847,0.0,0.14506001292046752
